values,label
-109479.0142601833,Q_1
-51462.46789938397,Q_1
-33849.66338495083,Q_1
-71368.62979364682,Q_1
-79939.91990946984,Q_1
-34426.84254804644,Q_1
-47023.50394648439,Q_1
-117328.15330804425,Q_1
-25407.803917558602,Q_1
-63439.58588207798,D1_1
-47489.601604529526,D1_1
-40986.63644556206,D1_1
-122821.7879445241,D1_1
-140280.3196499011,D1_1
-154747.0593117546,D1_1
-46831.923302030475,D1_1
-89636.02829082849,D1_1
-155348.59287271573,D1_1
