values,label
-121904.83828804048,Q_2
-95933.88518317518,Q_2
-63768.442634264844,Q_2
-68959.84022882536,Q_2
-67291.49177187237,Q_2
-113764.07027862911,Q_2
-88247.54072267907,Q_2
-167074.61709448235,Q_2
-74776.57042903152,Q_2
-71873.05685489999,D3_1
-70714.39503262845,D3_1
-81924.38674153767,D3_1
-61414.12817875849,D3_1
-104101.33199932898,D3_1
-62870.45895549696,D3_1
-69769.98523319511,D3_1
-106886.16900053645,D3_1
-159787.3793576387,D3_1
