values,label
-108678.47633672996,Q_3
-107431.05908414662,Q_3
-95514.17990922379,Q_3
-140006.22235915627,Q_3
-97189.40232211218,Q_3
-225489.6486931168,Q_3
-147585.9958569003,Q_3
-113955.61337094117,Q_3
-107315.01428228198,Q_3
-107757.29521333078,D1_4
-85603.93430223568,D1_4
-238688.7501749548,D1_4
-138930.23972236525,D1_4
-141674.0775752301,D1_4
-124676.90240856094,D1_4
-114533.63391653914,D1_4
-90188.46799728258,D1_4
-161339.0759055594,D1_4
