values,label
-170081.82035023827,Q_4
-157418.9369766405,Q_4
-64226.78432415652,Q_4
-71428.67279924738,Q_4
-141860.90745393911,Q_4
-42386.696935011336,Q_4
-67165.14676643674,Q_4
-104126.99777394447,Q_4
-44477.829367122664,Q_4
-51685.339593118544,D3_4
-52129.05967523042,D3_4
-83219.36742296972,D3_4
-147885.15665341957,D3_4
-159368.5089710607,D3_4
-165814.07989239696,D3_4
-75395.68735005836,D3_4
-85290.02402231595,D3_4
-158120.46928922052,D3_4
